date,platform,campaign_type,impressions,engagement,clicks,conversions,cost,ctr,conversion_rate,cpc,roas
2024-10-20,Instagram,Brand Awareness,5601,1244,427,64,84.16,7.624,14.988,0.2,38.02
2024-10-20,Instagram,Content Promotion,13580,2867,756,135,133.19,5.567,17.857,0.18,50.68
2024-10-20,Instagram,Lead Generation,4538,949,241,50,21.67,5.311,20.747,0.09,115.37
2024-10-20,Twitter,Brand Awareness,8015,1229,419,73,98.86,5.228,17.422,0.24,36.92
2024-10-20,Twitter,Content Promotion,7168,1770,579,141,34.87,8.078,24.352,0.06,202.18
2024-10-20,Twitter,Content Promotion,7198,1112,314,59,59.56,4.362,18.79,0.19,49.53
2024-10-21,Instagram,Sales,10616,2412,650,97,88.19,6.123,14.923,0.14,54.99
2024-10-21,Instagram,Content Promotion,17801,3829,1307,307,158.37,7.342,23.489,0.12,96.92
2024-10-21,Facebook,Lead Generation,7139,1471,424,104,53.4,5.939,24.528,0.13,97.38
2024-10-21,LinkedIn,Lead Generation,8815,1741,533,117,53.35,6.047,21.951,0.1,109.65
2024-10-21,LinkedIn,Brand Awareness,8889,1865,595,141,97.16,6.694,23.697,0.16,72.56
2024-10-21,Twitter,Brand Awareness,10474,1910,500,92,89.95,4.774,18.4,0.18,51.14
2024-10-21,TikTok,Sales,8763,1921,532,92,59.06,6.071,17.293,0.11,77.89
2024-10-22,LinkedIn,Brand Awareness,10894,1795,627,110,68.26,5.755,17.544,0.11,80.57
2024-10-22,Twitter,Lead Generation,5945,1220,377,59,28.85,6.341,15.65,0.08,102.25
2024-10-22,Twitter,Lead Generation,5898,1119,371,85,20.67,6.29,22.911,0.06,205.61
2024-10-23,Instagram,Brand Awareness,3875,848,244,59,54.3,6.297,24.18,0.22,54.33
2024-10-23,Instagram,Brand Awareness,19175,3370,1064,246,224.25,5.549,23.12,0.21,54.85
2024-10-23,Instagram,Sales,13709,3290,1030,189,127.94,7.513,18.35,0.12,73.86
2024-10-23,Facebook,Content Promotion,50214,11475,3636,756,349.01,7.241,20.792,0.1,108.31
2024-10-23,LinkedIn,Content Promotion,10702,2669,714,108,58.52,6.672,15.126,0.08,92.28
2024-10-23,Twitter,Lead Generation,6226,1250,392,68,29.68,6.296,17.347,0.08,114.56
2024-10-23,TikTok,Content Promotion,13675,3232,882,176,102.22,6.45,19.955,0.12,86.09
2024-10-23,TikTok,Sales,11561,2598,897,164,90.01,7.759,18.283,0.1,91.1
2024-10-24,Instagram,Brand Awareness,16897,3201,1070,260,176.85,6.332,24.299,0.17,73.51
2024-10-24,Instagram,Brand Awareness,17030,3057,862,202,166.89,5.062,23.434,0.19,60.52
2024-10-24,Instagram,Brand Awareness,17011,2987,929,146,288.29,5.461,15.716,0.31,25.32
2024-10-24,LinkedIn,Brand Awareness,5065,807,248,38,37.02,4.896,15.323,0.15,51.32
2024-10-24,Twitter,Lead Generation,5402,1004,263,53,21.95,4.869,20.152,0.08,120.73
2024-10-24,TikTok,Sales,10377,2569,774,141,106.52,7.459,18.217,0.14,66.18
2024-10-25,Instagram,Lead Generation,5215,912,278,61,34.74,5.331,21.942,0.12,87.8
2024-10-25,Facebook,Content Promotion,6855,1198,342,77,59.27,4.989,22.515,0.17,64.96
2024-10-26,Facebook,Brand Awareness,8410,1596,497,106,66.87,5.91,21.328,0.13,79.26
2024-10-26,Facebook,Brand Awareness,8694,1876,499,78,61.97,5.74,15.631,0.12,62.93
2024-10-26,LinkedIn,Sales,6891,1349,410,100,62.43,5.95,24.39,0.15,80.09
2024-10-26,Twitter,Brand Awareness,7717,1175,389,69,72.34,5.041,17.738,0.19,47.69
2024-10-26,Twitter,Brand Awareness,7800,1796,499,83,90.59,6.397,16.633,0.18,45.81
2024-10-26,TikTok,Brand Awareness,12859,2480,806,181,237.71,6.268,22.457,0.29,38.07
2024-10-26,TikTok,Brand Awareness,12910,3092,893,134,229.71,6.917,15.006,0.26,29.17
2024-10-26,TikTok,Content Promotion,7729,1602,501,97,61.03,6.482,19.361,0.12,79.47
2024-10-27,Instagram,Sales,4240,1049,366,56,43.25,8.632,15.301,0.12,64.74
2024-10-27,Facebook,Content Promotion,6137,1182,321,60,43.85,5.231,18.692,0.14,68.42
2024-10-27,Facebook,Content Promotion,6092,1439,486,84,30.28,7.978,17.284,0.06,138.71
2024-10-27,LinkedIn,Sales,7358,1346,394,69,54.73,5.355,17.513,0.14,63.04
2024-10-27,LinkedIn,Lead Generation,7118,1597,508,88,58.42,7.137,17.323,0.12,75.32
2024-10-27,Twitter,Brand Awareness,8272,1700,479,73,91.46,5.791,15.24,0.19,39.91
2024-10-27,TikTok,Content Promotion,8388,1580,511,123,60.89,6.092,24.07,0.12,101.0
2024-10-27,TikTok,Content Promotion,8423,1406,442,83,66.7,5.248,18.778,0.15,62.22
2024-10-28,Instagram,Lead Generation,6138,1173,363,64,20.5,5.914,17.631,0.06,156.1
2024-10-28,Twitter,Content Promotion,9758,1932,673,126,81.02,6.897,18.722,0.12,77.76
2024-10-28,Twitter,Content Promotion,1988,380,105,16,14.71,5.282,15.238,0.14,54.38
2024-10-28,TikTok,Content Promotion,11048,2711,842,145,111.82,7.621,17.221,0.13,64.84
2024-10-28,TikTok,Sales,9122,1842,602,121,85.9,6.599,20.1,0.14,70.43
2024-10-28,TikTok,Content Promotion,11256,1839,465,104,136.87,4.131,22.366,0.29,37.99
2024-10-28,TikTok,Sales,4582,965,302,62,39.08,6.591,20.53,0.13,79.32
2024-10-28,TikTok,Brand Awareness,18514,3328,1006,221,373.16,5.434,21.968,0.37,29.61
2024-10-29,Instagram,Brand Awareness,18941,3488,1059,207,293.87,5.591,19.547,0.28,35.22
2024-10-29,Instagram,Sales,13936,2664,898,180,105.03,6.444,20.045,0.12,85.69
2024-10-29,Instagram,Content Promotion,11347,2096,530,108,93.68,4.671,20.377,0.18,57.64
2024-10-29,Instagram,Sales,13851,2523,654,129,117.5,4.722,19.725,0.18,54.89
2024-10-29,Facebook,Lead Generation,9195,2228,609,137,46.62,6.623,22.496,0.08,146.93
2024-10-29,Facebook,Sales,15272,3340,1117,251,156.61,7.314,22.471,0.14,80.14
2024-10-29,Twitter,Lead Generation,6140,1437,372,75,22.16,6.059,20.161,0.06,169.22
2024-10-30,Instagram,Lead Generation,8033,1652,509,105,57.62,6.336,20.629,0.11,91.11
2024-10-30,Facebook,Content Promotion,10345,2517,631,108,75.25,6.1,17.116,0.12,71.76
2024-10-30,LinkedIn,Content Promotion,5648,992,264,57,46.71,4.674,21.591,0.18,61.01
2024-10-30,Twitter,Lead Generation,6398,1284,352,56,28.51,5.502,15.909,0.08,98.21
2024-10-30,Twitter,Sales,9725,1976,504,92,38.96,5.183,18.254,0.08,118.07
2024-10-31,Facebook,Lead Generation,8591,1642,467,113,59.5,5.436,24.197,0.13,94.96
2024-10-31,Facebook,Content Promotion,46139,10250,2611,595,305.27,5.659,22.788,0.12,97.45
2024-10-31,LinkedIn,Lead Generation,10696,2334,688,152,84.13,6.432,22.093,0.12,90.34
2024-10-31,LinkedIn,Content Promotion,9982,1852,535,108,100.74,5.36,20.187,0.19,53.6
2024-10-31,LinkedIn,Brand Awareness,10652,2375,758,126,55.44,7.116,16.623,0.07,113.64
2024-10-31,LinkedIn,Content Promotion,10066,2267,727,165,70.01,7.222,22.696,0.1,117.84
2024-11-01,Instagram,Sales,7849,1601,478,91,39.61,6.09,19.038,0.08,114.87
2024-11-01,Instagram,Content Promotion,6581,1381,459,112,48.02,6.975,24.401,0.1,116.62
2024-11-01,Instagram,Lead Generation,4368,1053,277,44,15.5,6.342,15.884,0.06,141.94
2024-11-01,LinkedIn,Content Promotion,12407,2774,952,230,98.53,7.673,24.16,0.1,116.72
2024-11-01,LinkedIn,Lead Generation,1343,229,75,15,11.13,5.585,20.0,0.15,67.39
2024-11-01,TikTok,Content Promotion,7804,1196,408,71,31.12,5.228,17.402,0.08,114.07
2024-11-02,Instagram,Brand Awareness,9055,1550,467,115,97.38,5.157,24.625,0.21,59.05
2024-11-02,Facebook,Content Promotion,4623,877,256,58,30.94,5.538,22.656,0.12,93.73
2024-11-02,Twitter,Lead Generation,2888,585,177,35,14.25,6.129,19.774,0.08,122.81
2024-11-02,TikTok,Brand Awareness,10802,2189,722,178,156.07,6.684,24.654,0.22,57.03
2024-11-02,TikTok,Content Promotion,6464,1096,329,68,70.09,5.09,20.669,0.21,48.51
2024-11-03,Instagram,Content Promotion,5971,1255,415,102,48.73,6.95,24.578,0.12,104.66
2024-11-03,Facebook,Lead Generation,4685,1100,288,68,26.66,6.147,23.611,0.09,127.53
2024-11-03,LinkedIn,Lead Generation,5866,1082,354,65,53.57,6.035,18.362,0.15,60.67
2024-11-03,LinkedIn,Content Promotion,5479,1079,289,57,40.33,5.275,19.723,0.14,70.67
2024-11-03,LinkedIn,Sales,6324,1356,396,64,61.29,6.262,16.162,0.15,52.21
2024-11-03,Twitter,Sales,4710,940,302,48,35.94,6.412,15.894,0.12,66.78
2024-11-03,Twitter,Brand Awareness,7019,1497,448,92,51.68,6.383,20.536,0.12,89.01
2024-11-03,Twitter,Content Promotion,6351,1561,419,66,45.77,6.597,15.752,0.11,72.1
2024-11-03,TikTok,Content Promotion,7110,1741,504,123,62.4,7.089,24.405,0.12,98.56
2024-11-04,Facebook,Sales,10364,1714,535,105,97.82,5.162,19.626,0.18,53.67
2024-11-04,TikTok,Sales,15414,2731,843,156,113.85,5.469,18.505,0.14,68.51
2024-11-05,Facebook,Content Promotion,8272,1846,610,131,51.34,7.374,21.475,0.08,127.58
2024-11-05,LinkedIn,Lead Generation,9690,2340,592,130,75.69,6.109,21.959,0.13,85.88
2024-11-05,LinkedIn,Lead Generation,9653,1755,584,89,82.27,6.05,15.24,0.14,54.09
2024-11-05,Twitter,Brand Awareness,11607,1816,511,104,94.46,4.403,20.352,0.18,55.05
2024-11-05,TikTok,Sales,4838,1204,301,50,42.74,6.222,16.611,0.14,58.49
2024-11-06,Instagram,Brand Awareness,16985,3224,835,153,188.74,4.916,18.323,0.23,40.53
2024-11-06,Instagram,Sales,12062,2519,699,168,102.05,5.795,24.034,0.15,82.31
2024-11-06,Twitter,Content Promotion,10816,2578,799,192,100.4,7.387,24.03,0.13,95.62
2024-11-06,TikTok,Lead Generation,4729,731,210,32,18.53,4.441,15.238,0.09,86.35
2024-11-06,TikTok,Content Promotion,12274,2477,767,155,121.69,6.249,20.209,0.16,63.69
2024-11-07,Instagram,Sales,54816,11402,2954,702,427.64,5.389,23.764,0.14,82.08
2024-11-07,Twitter,Brand Awareness,10642,2124,548,94,71.69,5.149,17.153,0.13,65.56
2024-11-07,Twitter,Content Promotion,9323,1722,547,112,61.6,5.867,20.475,0.11,90.91
2024-11-07,Twitter,Brand Awareness,10801,2556,820,191,103.15,7.592,23.293,0.13,92.58
2024-11-07,Twitter,Content Promotion,9661,2300,775,118,100.96,8.022,15.226,0.13,58.44
2024-11-07,Twitter,Content Promotion,9556,2215,738,148,63.7,7.723,20.054,0.09,116.17
2024-11-08,Instagram,Content Promotion,6894,1571,409,92,59.42,5.933,22.494,0.15,77.42
2024-11-08,Facebook,Sales,9306,2054,527,109,100.66,5.663,20.683,0.19,54.14
2024-11-08,Facebook,Lead Generation,5552,1370,445,72,34.16,8.015,16.18,0.08,105.39
2024-11-08,LinkedIn,Brand Awareness,6963,1354,375,93,30.97,5.386,24.8,0.08,150.15
2024-11-08,Twitter,Brand Awareness,4203,727,191,45,45.3,4.544,23.56,0.24,49.67
2024-11-08,TikTok,Content Promotion,8251,1853,500,118,65.84,6.06,23.6,0.13,89.61
2024-11-09,Instagram,Sales,6837,1335,404,61,55.6,5.909,15.099,0.14,54.86
2024-11-09,Instagram,Content Promotion,5739,1126,281,58,40.83,4.896,20.641,0.15,71.03
2024-11-09,Facebook,Sales,7590,1586,465,115,68.85,6.126,24.731,0.15,83.51
2024-11-09,Twitter,Lead Generation,3089,687,223,36,14.19,7.219,16.143,0.06,126.85
2024-11-10,Instagram,Sales,7445,1170,355,84,51.64,4.768,23.662,0.15,81.33
2024-11-10,LinkedIn,Lead Generation,6279,1539,403,96,52.3,6.418,23.821,0.13,91.78
2024-11-10,Twitter,Sales,5002,1142,355,70,28.98,7.097,19.718,0.08,120.77
2024-11-10,TikTok,Sales,6227,1207,389,81,60.7,6.247,20.823,0.16,66.72
2024-11-11,Instagram,Lead Generation,5562,858,228,34,26.68,4.099,14.912,0.12,63.72
2024-11-11,Instagram,Sales,19768,4309,1108,169,106.84,5.605,15.253,0.1,79.09
2024-11-11,LinkedIn,Sales,8624,1328,447,92,56.55,5.183,20.582,0.13,81.34
2024-11-11,LinkedIn,Lead Generation,8198,1575,437,91,83.38,5.331,20.824,0.19,54.57
2024-11-11,Twitter,Sales,6647,1601,429,74,46.08,6.454,17.249,0.11,80.3
2024-11-11,TikTok,Content Promotion,9726,1959,560,117,86.65,5.758,20.893,0.15,67.51
2024-11-12,Facebook,Sales,13718,2680,733,115,117.75,5.343,15.689,0.16,48.83
2024-11-12,Facebook,Brand Awareness,13410,2345,730,161,140.92,5.444,22.055,0.19,57.12
2024-11-13,Instagram,Content Promotion,10859,1921,491,99,85.33,4.522,20.163,0.17,58.01
2024-11-13,Instagram,Content Promotion,10833,1669,442,109,79.94,4.08,24.661,0.18,68.18
2024-11-13,Instagram,Content Promotion,10849,2157,683,111,87.01,6.296,16.252,0.13,63.79
2024-11-13,Twitter,Content Promotion,11430,2506,836,204,126.44,7.314,24.402,0.15,80.67
2024-11-13,TikTok,Sales,10786,2361,749,128,97.89,6.944,17.089,0.13,65.38
2024-11-14,Instagram,Brand Awareness,15913,3562,1203,229,188.87,7.56,19.036,0.16,60.62
2024-11-14,Instagram,Lead Generation,6391,1237,410,66,35.6,6.415,16.098,0.09,92.7
2024-11-14,Facebook,Lead Generation,7501,1461,399,74,30.21,5.319,18.546,0.08,122.48
2024-11-14,TikTok,Sales,9563,1458,414,77,67.06,4.329,18.599,0.16,57.41
2024-11-14,TikTok,Lead Generation,4481,1036,333,81,23.34,7.431,24.324,0.07,173.52
2024-11-15,Twitter,Content Promotion,7800,1392,390,89,58.9,5.0,22.821,0.15,75.55
2024-11-15,Twitter,Sales,5934,1135,297,49,24.42,5.005,16.498,0.08,100.33
2024-11-15,TikTok,Sales,7320,1802,537,123,58.41,7.336,22.905,0.11,105.29
2024-11-16,Instagram,Sales,7240,1251,339,71,72.24,4.682,20.944,0.21,49.14
2024-11-16,Facebook,Lead Generation,4855,933,295,47,25.05,6.076,15.932,0.08,93.81
2024-11-16,Facebook,Sales,8164,1928,523,83,61.43,6.406,15.87,0.12,67.56
2024-11-16,Twitter,Brand Awareness,7312,1196,382,72,43.63,5.224,18.848,0.11,82.51
2024-11-16,Twitter,Lead Generation,3250,521,167,34,15.87,5.138,20.359,0.1,107.12
2024-11-17,LinkedIn,Lead Generation,6534,1024,337,58,37.01,5.158,17.211,0.11,78.36
2024-11-17,Twitter,Sales,5198,1123,343,76,23.49,6.599,22.157,0.07,161.77
2024-11-17,Twitter,Sales,5259,1151,310,63,27.26,5.895,20.323,0.09,115.55
2024-11-18,Instagram,Sales,10330,2507,762,178,66.81,7.377,23.36,0.09,133.21
2024-11-18,Instagram,Sales,10314,2399,787,173,97.01,7.63,21.982,0.12,89.17
2024-11-19,Facebook,Lead Generation,8767,1750,611,143,40.7,6.969,23.404,0.07,175.68
2024-11-19,Facebook,Brand Awareness,14283,3293,1083,195,176.15,7.582,18.006,0.16,55.35
2024-11-19,Twitter,Content Promotion,11465,1871,629,152,91.55,5.486,24.165,0.15,83.01
2024-11-19,TikTok,Content Promotion,12896,2408,618,94,85.61,4.792,15.21,0.14,54.9
2024-11-20,Facebook,Lead Generation,8826,1514,472,101,56.06,5.348,21.398,0.12,90.08
2024-11-20,Facebook,Brand Awareness,75161,13509,3958,661,742.19,5.266,16.7,0.19,44.53
2024-11-20,Facebook,Brand Awareness,15030,3183,997,172,175.99,6.633,17.252,0.18,48.87
2024-11-21,Instagram,Sales,12003,2265,784,137,61.06,6.532,17.474,0.08,112.18
2024-11-21,Instagram,Brand Awareness,16769,2833,883,161,193.51,5.266,18.233,0.22,41.6
2024-11-21,Instagram,Content Promotion,1975,317,96,18,16.33,4.861,18.75,0.17,55.11
2024-11-21,Instagram,Content Promotion,9972,2231,663,124,60.83,6.649,18.703,0.09,101.92
2024-11-21,Facebook,Sales,13237,2322,775,119,159.9,5.855,15.355,0.21,37.21
2024-11-21,LinkedIn,Sales,53316,12702,3309,823,494.73,6.206,24.872,0.15,83.18
2024-11-21,LinkedIn,Lead Generation,10039,1541,463,87,93.78,4.612,18.79,0.2,46.39
2024-11-21,Twitter,Lead Generation,2697,410,105,25,6.03,3.893,23.81,0.06,207.3
2024-11-21,Twitter,Lead Generation,5356,868,270,61,27.04,5.041,22.593,0.1,112.8
2024-11-21,Twitter,Content Promotion,10590,1898,660,138,85.37,6.232,20.909,0.13,80.82
2024-11-21,Twitter,Sales,8034,1476,505,87,53.93,6.286,17.228,0.11,80.66
2024-11-21,TikTok,Lead Generation,4687,795,269,57,16.89,5.739,21.19,0.06,168.74
2024-11-22,Instagram,Content Promotion,7719,1807,583,132,61.16,7.553,22.642,0.1,107.91
2024-11-22,Instagram,Sales,9288,1433,381,62,61.91,4.102,16.273,0.16,50.07
2024-11-22,Facebook,Sales,10342,2077,581,119,118.39,5.618,20.482,0.2,50.26
2024-11-22,Facebook,Sales,10330,2026,508,88,121.9,4.918,17.323,0.24,36.1
2024-11-22,LinkedIn,Lead Generation,7693,1627,437,81,64.49,5.68,18.535,0.15,62.8
2024-11-22,LinkedIn,Content Promotion,1441,217,70,15,10.12,4.858,21.429,0.14,74.11
2024-11-22,Twitter,Sales,6167,1059,279,60,30.03,4.524,21.505,0.11,99.9
2024-11-22,Twitter,Brand Awareness,9248,2195,660,146,76.38,7.137,22.121,0.12,95.57
2024-11-22,Twitter,Brand Awareness,9326,1957,607,92,67.26,6.509,15.157,0.11,68.39
2024-11-23,Instagram,Sales,7626,1237,400,69,61.86,5.245,17.25,0.15,55.77
2024-11-23,Facebook,Content Promotion,5522,1180,353,59,42.23,6.393,16.714,0.12,69.86
2024-11-23,LinkedIn,Sales,6789,1649,541,84,72.51,7.969,15.527,0.13,57.92
2024-11-23,LinkedIn,Content Promotion,5878,1137,390,86,30.44,6.635,22.051,0.08,141.26
2024-11-23,LinkedIn,Sales,3378,712,187,42,27.81,5.536,22.46,0.15,75.51
2024-11-23,LinkedIn,Sales,6746,1623,446,79,51.77,6.611,17.713,0.12,76.3
2024-11-23,LinkedIn,Content Promotion,5982,917,234,56,39.6,3.912,23.932,0.17,70.71
2024-11-23,TikTok,Brand Awareness,12677,1967,574,101,193.48,4.528,17.596,0.34,26.1
2024-11-24,Instagram,Sales,8289,1747,497,80,54.36,5.996,16.097,0.11,73.58
2024-11-24,Instagram,Brand Awareness,11435,2313,604,142,119.77,5.282,23.51,0.2,59.28
2024-11-24,Facebook,Sales,9137,1522,524,123,92.94,5.735,23.473,0.18,66.17
2024-11-24,LinkedIn,Lead Generation,6928,1597,472,73,73.34,6.813,15.466,0.16,49.77
2024-11-24,Twitter,Brand Awareness,8242,1405,474,112,60.03,5.751,23.629,0.13,93.29
2024-11-24,TikTok,Lead Generation,3250,521,164,38,11.2,5.046,23.171,0.07,169.64
2024-11-25,Instagram,Sales,10951,2516,728,175,85.39,6.648,24.038,0.12,102.47
2024-11-25,Instagram,Sales,10916,2573,876,155,81.61,8.025,17.694,0.09,94.96
2024-11-25,Instagram,Content Promotion,9039,1947,516,100,62.32,5.709,19.38,0.12,80.23
2024-11-25,Facebook,Content Promotion,7857,1951,618,131,65.5,7.866,21.197,0.11,100.0
2024-11-25,Twitter,Brand Awareness,10973,1733,560,94,149.9,5.103,16.786,0.27,31.35
2024-11-25,Twitter,Content Promotion,9681,1908,633,124,97.86,6.539,19.589,0.15,63.36
2024-11-26,Instagram,Brand Awareness,18870,3098,882,172,261.67,4.674,19.501,0.3,32.87
2024-11-26,Instagram,Content Promotion,11374,2242,780,166,111.26,6.858,21.282,0.14,74.6
2024-11-26,LinkedIn,Sales,11975,2566,819,164,105.84,6.839,20.024,0.13,77.48
2024-11-27,LinkedIn,Sales,12697,2045,602,118,96.67,4.741,19.601,0.16,61.03
2024-11-27,LinkedIn,Content Promotion,10872,2090,531,118,89.0,4.884,22.222,0.17,66.29
2024-11-27,LinkedIn,Content Promotion,11141,2511,829,125,71.19,7.441,15.078,0.09,87.79
2024-11-27,LinkedIn,Content Promotion,10987,2606,680,149,93.61,6.189,21.912,0.14,79.59
2024-11-27,Twitter,Brand Awareness,14236,2558,716,160,120.36,5.03,22.346,0.17,66.47
2024-11-28,Instagram,Brand Awareness,17482,4362,1463,295,190.15,8.369,20.164,0.13,77.57
2024-11-28,Instagram,Brand Awareness,3487,534,179,28,53.73,5.133,15.642,0.3,26.06
2024-11-28,Instagram,Content Promotion,10345,1728,595,115,75.88,5.752,19.328,0.13,75.78
2024-11-28,Instagram,Content Promotion,10560,2414,837,147,96.77,7.926,17.563,0.12,75.95
2024-11-28,Instagram,Brand Awareness,17440,4170,1043,160,217.14,5.981,15.34,0.21,36.84
2024-11-28,Facebook,Lead Generation,8245,1605,477,99,23.81,5.785,20.755,0.05,207.9
2024-11-28,Facebook,Sales,13950,2704,735,139,147.56,5.269,18.912,0.2,47.1
2024-11-28,TikTok,Content Promotion,63129,13902,4855,792,577.98,7.691,16.313,0.12,68.51
2024-11-29,Instagram,Lead Generation,5434,983,326,80,26.18,5.999,24.54,0.08,152.79
2024-11-29,Facebook,Sales,10791,2032,600,112,94.64,5.56,18.667,0.16,59.17
2024-11-29,Twitter,Brand Awareness,9685,2110,603,126,75.83,6.226,20.896,0.13,83.08
2024-11-30,Instagram,Content Promotion,3309,672,198,31,21.12,5.984,15.657,0.11,73.39
2024-11-30,Instagram,Lead Generation,880,192,56,12,3.09,6.364,21.429,0.06,194.17
2024-11-30,Instagram,Brand Awareness,11097,2577,865,209,120.11,7.795,24.162,0.14,87.0
2024-11-30,Instagram,Lead Generation,4445,980,312,58,14.45,7.019,18.59,0.05,200.69
2024-11-30,Instagram,Brand Awareness,10950,1811,457,98,130.99,4.174,21.444,0.29,37.41
2024-11-30,Facebook,Brand Awareness,8717,1625,441,109,73.12,5.059,24.717,0.17,74.54
2024-11-30,LinkedIn,Brand Awareness,6590,1241,315,48,49.28,4.78,15.238,0.16,48.7
2024-11-30,Twitter,Brand Awareness,7924,1280,442,80,94.12,5.578,18.1,0.21,42.5
2024-11-30,TikTok,Content Promotion,7848,1298,396,80,49.64,5.046,20.202,0.13,80.58
2024-11-30,TikTok,Content Promotion,7926,1343,343,63,88.85,4.328,18.367,0.26,35.45
2024-11-30,TikTok,Brand Awareness,13237,2169,638,135,218.17,4.82,21.16,0.34,30.94
2024-11-30,TikTok,Sales,6632,1128,326,50,58.69,4.916,15.337,0.18,42.6
2024-12-01,Instagram,Content Promotion,5802,946,311,50,47.59,5.36,16.077,0.15,52.53
2024-12-01,Instagram,Content Promotion,5819,1142,397,78,40.42,6.822,19.647,0.1,96.49
2024-12-01,Facebook,Lead Generation,4659,928,285,67,23.9,6.117,23.509,0.08,140.17
2024-12-01,Facebook,Content Promotion,5070,1245,336,54,30.73,6.627,16.071,0.09,87.86
2024-12-01,LinkedIn,Content Promotion,5431,825,245,53,15.66,4.511,21.633,0.06,169.22
2024-12-01,LinkedIn,Sales,6138,1414,392,67,53.1,6.386,17.092,0.14,63.09
2024-12-01,Twitter,Content Promotion,1244,229,71,11,10.97,5.707,15.493,0.15,50.14
2024-12-02,Instagram,Lead Generation,10074,1862,486,112,60.19,4.824,23.045,0.12,93.04
2024-12-02,Instagram,Content Promotion,7511,1723,552,85,58.74,7.349,15.399,0.11,72.35
2024-12-02,Instagram,Brand Awareness,12586,2899,994,189,133.33,7.898,19.014,0.13,70.88
2024-12-02,Instagram,Content Promotion,7612,1887,585,108,34.21,7.685,18.462,0.06,157.85
2024-12-02,Instagram,Sales,8950,1406,447,77,83.51,4.994,17.226,0.19,46.1
2024-12-02,Facebook,Sales,10200,1819,479,102,91.62,4.696,21.294,0.19,55.66
2024-12-02,Facebook,Brand Awareness,10112,1564,434,95,123.79,4.292,21.889,0.29,38.37
2024-12-02,Facebook,Brand Awareness,10231,1903,527,123,84.57,5.151,23.34,0.16,72.72
2024-12-02,Twitter,Content Promotion,8162,1627,469,100,63.95,5.746,21.322,0.14,78.19
2024-12-02,Twitter,Content Promotion,8199,2009,643,115,81.81,7.842,17.885,0.13,70.28
2024-12-03,Instagram,Lead Generation,6331,1081,310,57,35.46,4.897,18.387,0.11,80.37
2024-12-03,Instagram,Brand Awareness,15784,2702,853,168,254.61,5.404,19.695,0.3,32.99
2024-12-03,Facebook,Sales,12525,2803,789,169,145.74,6.299,21.42,0.18,57.98
2024-12-03,LinkedIn,Lead Generation,4736,1080,328,52,39.81,6.926,15.854,0.12,65.31
2024-12-03,Twitter,Content Promotion,20342,3873,1173,245,189.2,5.766,20.887,0.16,64.75
2024-12-04,Instagram,Brand Awareness,16787,2728,686,155,239.98,4.086,22.595,0.35,32.29
2024-12-04,Instagram,Content Promotion,9997,2272,685,126,66.38,6.852,18.394,0.1,94.91
2024-12-04,Instagram,Lead Generation,13391,3119,968,173,67.64,7.229,17.872,0.07,127.88
2024-12-04,Twitter,Sales,8034,1397,423,90,43.94,5.265,21.277,0.1,102.41
2024-12-04,Twitter,Content Promotion,10820,2293,778,182,92.19,7.19,23.393,0.12,98.71
2024-12-04,Twitter,Lead Generation,5401,1247,429,78,21.87,7.943,18.182,0.05,178.33
2024-12-04,TikTok,Sales,10063,1554,453,81,78.47,4.502,17.881,0.17,51.61
2024-12-04,TikTok,Content Promotion,12073,2932,956,195,105.44,7.918,20.397,0.11,92.47
2024-12-05,Facebook,Content Promotion,7725,1927,583,110,49.76,7.547,18.868,0.09,110.53
2024-12-05,LinkedIn,Sales,9237,1587,469,113,73.17,5.077,24.094,0.16,77.22
2024-12-06,LinkedIn,Sales,7347,1729,565,102,57.35,7.69,18.053,0.1,88.93
2024-12-06,LinkedIn,Lead Generation,6943,1635,507,118,49.78,7.302,23.274,0.1,118.52
2024-12-06,Twitter,Sales,5463,958,263,50,35.85,4.814,19.011,0.14,69.74
2024-12-06,TikTok,Content Promotion,8231,1757,455,69,83.19,5.528,15.165,0.18,41.47
2024-12-07,Facebook,Sales,7403,1759,611,93,97.87,8.253,15.221,0.16,47.51
2024-12-07,LinkedIn,Content Promotion,5269,1169,358,69,30.5,6.794,19.274,0.09,113.11
2024-12-07,LinkedIn,Lead Generation,5616,1317,382,86,43.58,6.802,22.513,0.11,98.67
2024-12-07,Twitter,Brand Awareness,6787,1265,353,83,41.23,5.201,23.513,0.12,100.65
2024-12-07,Twitter,Sales,4473,878,223,39,33.35,4.985,17.489,0.15,58.47
2024-12-07,Twitter,Content Promotion,6045,943,269,59,27.01,4.45,21.933,0.1,109.22
2024-12-08,LinkedIn,Lead Generation,6190,1398,434,103,38.0,7.011,23.733,0.09,135.53
2024-12-08,LinkedIn,Content Promotion,5684,1420,412,70,32.44,7.248,16.99,0.08,107.89
2024-12-08,Twitter,Lead Generation,3326,671,185,39,11.96,5.562,21.081,0.06,163.04
2024-12-08,Twitter,Sales,4929,1015,332,73,28.71,6.736,21.988,0.09,127.13
2024-12-09,Instagram,Brand Awareness,2685,495,140,34,39.89,5.214,24.286,0.28,42.62
2024-12-09,Instagram,Content Promotion,8148,1626,468,77,72.57,5.744,16.453,0.16,53.05
2024-12-09,Facebook,Brand Awareness,10656,2180,755,117,98.95,7.085,15.497,0.13,59.12
2024-12-09,Facebook,Sales,10824,2221,643,104,117.35,5.941,16.174,0.18,44.31
2024-12-09,LinkedIn,Lead Generation,8124,1422,444,91,56.15,5.465,20.495,0.13,81.03
2024-12-09,Twitter,Content Promotion,8621,1597,498,91,60.14,5.777,18.273,0.12,75.66
2024-12-09,Twitter,Content Promotion,8570,1656,527,96,66.48,6.149,18.216,0.13,72.2
2024-12-10,Instagram,Sales,12030,2138,593,114,79.56,4.929,19.224,0.13,71.64
2024-12-10,Instagram,Content Promotion,10054,1622,470,105,63.97,4.675,22.34,0.14,82.07
2024-12-10,Instagram,Sales,11897,2028,604,106,87.17,5.077,17.55,0.14,60.8
2024-12-10,LinkedIn,Brand Awareness,10045,2133,671,118,78.14,6.68,17.586,0.12,75.51
2024-12-10,LinkedIn,Brand Awareness,10149,1797,556,131,91.55,5.478,23.561,0.16,71.55
2024-12-10,LinkedIn,Content Promotion,9364,2041,593,89,69.18,6.333,15.008,0.12,64.32
2024-12-10,Twitter,Lead Generation,5354,1163,404,64,23.55,7.546,15.842,0.06,135.88
2024-12-11,Instagram,Content Promotion,10594,2355,590,123,92.58,5.569,20.847,0.16,66.43
2024-12-11,Facebook,Sales,14176,2430,673,117,157.86,4.747,17.385,0.23,37.06
2024-12-11,Facebook,Brand Awareness,14312,2262,780,182,134.51,5.45,23.333,0.17,67.65
2024-12-11,LinkedIn,Lead Generation,10728,1682,482,116,91.42,4.493,24.066,0.19,63.44
2024-12-11,LinkedIn,Sales,11159,2417,794,155,94.36,7.115,19.521,0.12,82.13
2024-12-11,LinkedIn,Sales,11387,2447,840,131,72.56,7.377,15.595,0.09,90.27
2024-12-11,Twitter,Lead Generation,5612,900,293,55,22.47,5.221,18.771,0.08,122.39
2024-12-11,TikTok,Brand Awareness,21278,4649,1213,217,252.86,5.701,17.89,0.21,42.91
2024-12-12,Instagram,Sales,11036,2526,709,171,109.91,6.424,24.118,0.16,77.79
2024-12-12,Facebook,Lead Generation,7524,1424,434,86,45.23,5.768,19.816,0.1,95.07
2024-12-12,Twitter,Lead Generation,4922,1079,294,47,21.1,5.973,15.986,0.07,111.37
2024-12-12,Twitter,Brand Awareness,2244,429,138,32,27.24,6.15,23.188,0.2,58.74
2024-12-12,Twitter,Brand Awareness,11308,2047,545,95,139.1,4.82,17.431,0.26,34.15
2024-12-12,Twitter,Brand Awareness,11314,2166,704,166,85.74,6.222,23.58,0.12,96.8
2024-12-12,TikTok,Content Promotion,11162,1699,585,128,79.13,5.241,21.88,0.14,80.88
2024-12-13,Instagram,Content Promotion,7187,1633,563,128,54.25,7.834,22.735,0.1,117.97
2024-12-13,Instagram,Sales,8724,1502,482,114,92.08,5.525,23.651,0.19,61.9
2024-12-13,Facebook,Content Promotion,6262,1259,418,79,38.47,6.675,18.9,0.09,102.68
2024-12-13,Facebook,Lead Generation,28980,4936,1267,301,166.98,4.372,23.757,0.13,90.13
2024-12-13,Facebook,Lead Generation,5824,916,263,60,35.25,4.516,22.814,0.13,85.11
2024-12-13,LinkedIn,Lead Generation,3604,675,193,29,20.6,5.355,15.026,0.11,70.39
2024-12-13,LinkedIn,Lead Generation,7236,1355,424,67,61.34,5.86,15.802,0.14,54.61
2024-12-14,Instagram,Sales,14397,3052,989,165,100.3,6.869,16.684,0.1,82.25
2024-12-14,Instagram,Brand Awareness,9917,2079,655,156,135.45,6.605,23.817,0.21,57.59
2024-12-14,Facebook,Brand Awareness,8021,1454,398,68,76.71,4.962,17.085,0.19,44.32
2024-12-14,LinkedIn,Lead Generation,5950,1284,423,74,40.35,7.109,17.494,0.1,91.7
2024-12-14,LinkedIn,Sales,6340,1121,301,66,50.18,4.748,21.927,0.17,65.76
2024-12-14,TikTok,Sales,5966,947,302,56,50.34,5.062,18.543,0.17,55.62
2024-12-15,Instagram,Brand Awareness,10813,1971,669,159,92.86,6.187,23.767,0.14,85.61
2024-12-15,LinkedIn,Sales,6946,1209,307,58,62.37,4.42,18.893,0.2,46.5
2024-12-15,LinkedIn,Brand Awareness,6471,1173,370,64,47.23,5.718,17.297,0.13,67.75
2024-12-15,LinkedIn,Brand Awareness,13013,2617,655,159,123.54,5.033,24.275,0.19,64.35
2024-12-15,LinkedIn,Lead Generation,6386,1425,452,74,33.77,7.078,16.372,0.07,109.56
2024-12-15,Twitter,Content Promotion,6824,1343,395,78,39.32,5.788,19.747,0.1,99.19
2024-12-15,TikTok,Content Promotion,7743,1877,587,91,84.44,7.581,15.503,0.14,53.88
2024-12-15,TikTok,Sales,6559,1117,283,58,52.68,4.315,20.495,0.19,55.05
2024-12-15,TikTok,Lead Generation,3014,726,227,55,7.87,7.532,24.229,0.03,349.43
2024-12-16,Instagram,Content Promotion,4266,675,209,49,26.64,4.899,23.445,0.13,91.97
2024-12-16,Instagram,Content Promotion,8441,1432,463,82,71.19,5.485,17.711,0.15,57.59
2024-12-16,Instagram,Content Promotion,8537,2003,513,94,74.53,6.009,18.324,0.15,63.06
2024-12-16,Instagram,Brand Awareness,14181,2452,728,128,150.79,5.134,17.582,0.21,42.44
2024-12-16,TikTok,Brand Awareness,16979,2767,762,141,308.27,4.488,18.504,0.4,22.87
2024-12-16,TikTok,Sales,8493,1405,362,71,67.93,4.262,19.613,0.19,52.26
2024-12-16,TikTok,Brand Awareness,17172,3443,910,193,272.12,5.299,21.209,0.3,35.46
2024-12-17,Instagram,Brand Awareness,87238,16259,4374,807,1004.59,5.014,18.45,0.23,40.17
2024-12-17,Facebook,Brand Awareness,2855,567,183,36,30.59,6.41,19.672,0.17,58.84
2024-12-17,Facebook,Lead Generation,8442,1543,455,102,61.15,5.39,22.418,0.13,83.4
2024-12-17,TikTok,Sales,10564,2168,622,134,121.77,5.888,21.543,0.2,55.02
2024-12-18,Facebook,Lead Generation,8887,2156,748,154,47.57,8.417,20.588,0.06,161.87
2024-12-18,Twitter,Lead Generation,5965,999,316,54,19.83,5.298,17.089,0.06,136.16
2024-12-19,Instagram,Brand Awareness,16426,2713,802,148,220.73,4.883,18.454,0.28,33.53
2024-12-19,Instagram,Brand Awareness,16482,2814,770,185,204.9,4.672,24.026,0.27,45.14
2024-12-19,Facebook,Sales,13112,3277,1071,203,99.29,8.168,18.954,0.09,102.23
2024-12-19,LinkedIn,Brand Awareness,9789,2359,710,142,57.12,7.253,20.0,0.08,124.3
2024-12-20,Instagram,Brand Awareness,2540,577,197,33,29.06,7.756,16.751,0.15,56.78
2024-12-20,Instagram,Content Promotion,15359,2496,816,141,151.04,5.313,17.279,0.19,46.68
2024-12-20,Facebook,Lead Generation,6105,1126,284,69,46.12,4.652,24.296,0.16,74.8
2024-12-20,Facebook,Sales,10157,1846,618,151,105.93,6.084,24.434,0.17,71.27
2024-12-20,LinkedIn,Lead Generation,7686,1392,395,62,69.62,5.139,15.696,0.18,44.53
2024-12-20,LinkedIn,Lead Generation,7573,1276,366,88,42.58,4.833,24.044,0.12,103.33
2024-12-21,Facebook,Content Promotion,5416,1170,380,85,14.14,7.016,22.368,0.04,300.57
2024-12-21,LinkedIn,Brand Awareness,6196,1484,505,91,62.71,8.15,18.02,0.12,72.56
2024-12-21,LinkedIn,Sales,6617,1277,425,68,46.49,6.423,16.0,0.11,73.13
2024-12-21,LinkedIn,Sales,6565,1376,403,67,55.36,6.139,16.625,0.14,60.51
2024-12-21,TikTok,Content Promotion,7524,1622,551,104,70.42,7.323,18.875,0.13,73.84
2024-12-21,TikTok,Brand Awareness,12480,2020,703,120,190.7,5.633,17.07,0.27,31.46
2024-12-22,Facebook,Sales,9008,1618,556,128,91.48,6.172,23.022,0.16,69.96
2024-12-22,Facebook,Content Promotion,28984,5865,1594,396,155.98,5.5,24.843,0.1,126.94
2024-12-22,LinkedIn,Sales,7271,1667,443,68,63.32,6.093,15.35,0.14,53.7
2024-12-22,Twitter,Content Promotion,7295,1196,367,83,55.57,5.031,22.616,0.15,74.68
2024-12-22,TikTok,Brand Awareness,13593,2462,676,145,172.95,4.973,21.45,0.26,41.92
2024-12-23,Instagram,Content Promotion,8893,1373,438,94,56.53,4.925,21.461,0.13,83.14
2024-12-23,Instagram,Brand Awareness,14948,2897,984,242,193.15,6.583,24.593,0.2,62.65
2024-12-23,Facebook,Sales,11780,2422,612,147,124.87,5.195,24.02,0.2,58.86
2024-12-23,TikTok,Brand Awareness,17984,3380,952,169,242.96,5.294,17.752,0.26,34.78
2024-12-23,TikTok,Brand Awareness,17869,3473,1178,254,263.27,6.592,21.562,0.22,48.24
2024-12-24,Facebook,Brand Awareness,14823,3034,841,201,195.03,5.674,23.9,0.23,51.53
2024-12-24,Twitter,Content Promotion,11754,2727,801,130,80.13,6.815,16.23,0.1,81.12
2024-12-24,Twitter,Lead Generation,5874,993,293,56,33.75,4.988,19.113,0.12,82.96
2024-12-24,Twitter,Lead Generation,5916,1346,354,73,28.16,5.984,20.621,0.08,129.62
2024-12-24,TikTok,Content Promotion,26469,5564,1481,256,299.33,5.595,17.286,0.2,42.76
2024-12-25,Facebook,Brand Awareness,15555,2944,744,154,152.25,4.783,20.699,0.2,50.57
2024-12-25,Facebook,Brand Awareness,15545,2949,1024,209,186.68,6.587,20.41,0.18,55.98
2024-12-25,Twitter,Content Promotion,12580,2934,969,167,57.82,7.703,17.234,0.06,144.41
2024-12-26,Instagram,Lead Generation,6931,1561,398,79,32.1,5.742,19.849,0.08,123.05
2024-12-26,Instagram,Lead Generation,6802,1409,465,105,22.91,6.836,22.581,0.05,229.16
2024-12-27,Instagram,Brand Awareness,13441,2365,800,191,139.13,5.952,23.875,0.17,68.64
2024-12-27,Instagram,Brand Awareness,13270,3086,979,227,118.5,7.378,23.187,0.12,95.78
2024-12-27,Facebook,Sales,5376,1045,313,50,41.48,5.822,15.974,0.13,60.27
2024-12-27,TikTok,Content Promotion,9556,2069,620,132,111.77,6.488,21.29,0.18,59.05
2024-12-27,TikTok,Brand Awareness,31635,4796,1591,245,424.07,5.029,15.399,0.27,28.89
2024-12-28,Instagram,Content Promotion,6567,1628,516,121,45.35,7.857,23.45,0.09,133.41
2024-12-28,Instagram,Lead Generation,4396,912,267,47,29.4,6.074,17.603,0.11,79.93
2024-12-28,Instagram,Content Promotion,6575,1477,401,62,39.08,6.099,15.461,0.1,79.32
2024-12-28,LinkedIn,Sales,6956,1367,343,54,32.11,4.931,15.743,0.09,84.09
2024-12-28,LinkedIn,Lead Generation,6540,1095,306,66,46.37,4.679,21.569,0.15,71.17
2024-12-28,Twitter,Content Promotion,3530,825,216,49,39.26,6.119,22.685,0.18,62.4
2024-12-28,TikTok,Content Promotion,7750,1612,443,99,81.94,5.716,22.348,0.18,60.41
2024-12-29,Facebook,Brand Awareness,9448,2208,580,94,93.14,6.139,16.207,0.16,50.46
2024-12-29,LinkedIn,Lead Generation,7131,1705,428,78,61.86,6.002,18.224,0.14,63.05
2024-12-29,LinkedIn,Sales,7669,1908,520,98,64.13,6.781,18.846,0.12,76.41
2024-12-29,LinkedIn,Lead Generation,7068,1388,391,77,51.06,5.532,19.693,0.13,75.4
2024-12-29,TikTok,Content Promotion,8623,1787,492,113,65.73,5.706,22.967,0.13,85.96
2024-12-29,TikTok,Lead Generation,3347,666,219,37,14.28,6.543,16.895,0.07,129.55
2024-12-30,Instagram,Sales,11139,2397,798,197,79.03,7.164,24.687,0.1,124.64
2024-12-30,Facebook,Brand Awareness,12502,2374,735,158,120.53,5.879,21.497,0.16,65.54
2024-12-30,Twitter,Content Promotion,9919,2214,758,187,97.8,7.642,24.67,0.13,95.6
2024-12-30,Twitter,Content Promotion,10024,1874,571,130,83.18,5.696,22.767,0.15,78.14
2024-12-31,Instagram,Content Promotion,57687,14408,4252,788,427.17,7.371,18.532,0.1,92.23
2024-12-31,Facebook,Content Promotion,9907,2128,545,126,46.94,5.501,23.119,0.09,134.21
2024-12-31,LinkedIn,Lead Generation,11751,1911,552,91,119.99,4.697,16.486,0.22,37.92
2024-12-31,LinkedIn,Sales,12601,2325,767,156,124.81,6.087,20.339,0.16,62.49
2024-12-31,LinkedIn,Brand Awareness,11695,1922,509,98,90.15,4.352,19.253,0.18,54.35
2024-12-31,Twitter,Content Promotion,24875,5699,1946,361,258.27,7.823,18.551,0.13,69.89
2025-01-01,Facebook,Content Promotion,8400,1654,483,120,36.92,5.75,24.845,0.08,162.51
2025-01-01,Twitter,Content Promotion,2060,366,96,18,20.28,4.66,18.75,0.21,44.38
2025-01-01,TikTok,Brand Awareness,19648,3816,972,225,306.97,4.947,23.148,0.32,36.65
2025-01-02,Instagram,Content Promotion,8711,1828,532,130,68.12,6.107,24.436,0.13,95.42
2025-01-02,Instagram,Sales,10243,1725,441,92,101.5,4.305,20.862,0.23,45.32
2025-01-02,Facebook,Sales,11486,1955,564,87,96.37,4.91,15.426,0.17,45.14
2025-01-02,Facebook,Lead Generation,6714,1104,331,51,56.82,4.93,15.408,0.17,44.88
2025-01-02,Twitter,Content Promotion,4618,1072,364,73,37.45,7.882,20.055,0.1,97.46
2025-01-02,TikTok,Sales,8477,1946,633,138,38.79,7.467,21.801,0.06,177.88
2025-01-03,LinkedIn,Content Promotion,6231,969,274,62,39.24,4.397,22.628,0.14,79.0
2025-01-03,LinkedIn,Lead Generation,6744,1039,360,73,69.1,5.338,20.278,0.19,52.82
2025-01-03,Twitter,Sales,5292,969,317,61,34.97,5.99,19.243,0.11,87.22
2025-01-03,TikTok,Brand Awareness,13392,2853,924,195,202.71,6.9,21.104,0.22,48.1
2025-01-03,TikTok,Brand Awareness,13425,2513,759,119,180.37,5.654,15.679,0.24,32.99
2025-01-04,Facebook,Sales,7377,1673,584,88,102.84,7.916,15.068,0.18,42.78
2025-01-04,Facebook,Sales,7229,1340,375,83,99.52,5.187,22.133,0.27,41.7
2025-01-04,Facebook,Sales,7352,1585,427,77,75.47,5.808,18.033,0.18,51.01
2025-01-04,TikTok,Sales,5490,1049,282,56,40.29,5.137,19.858,0.14,69.5
2025-01-05,Facebook,Content Promotion,5196,995,339,59,31.28,6.524,17.404,0.09,94.31
2025-01-06,Facebook,Brand Awareness,10449,2238,621,123,133.29,5.943,19.807,0.21,46.14
2025-01-06,Twitter,Sales,6334,1157,308,51,47.29,4.863,16.558,0.15,53.92
2025-01-06,TikTok,Lead Generation,3751,629,202,45,17.54,5.385,22.277,0.09,128.28
2025-01-07,Instagram,Lead Generation,6440,1155,319,58,41.73,4.953,18.182,0.13,69.49
2025-01-07,Instagram,Sales,11865,2748,692,154,133.69,5.832,22.254,0.19,57.6
2025-01-07,Twitter,Brand Awareness,11744,1808,544,118,76.89,4.632,21.691,0.14,76.73
2025-01-07,TikTok,Lead Generation,4627,846,216,36,15.28,4.668,16.667,0.07,117.8
2025-01-07,TikTok,Content Promotion,11948,1968,532,96,85.0,4.453,18.045,0.16,56.47
2025-01-07,TikTok,Sales,9881,2267,640,144,74.78,6.477,22.5,0.12,96.28
2025-01-08,Facebook,Sales,68928,15914,5371,968,753.13,7.792,18.023,0.14,64.27
2025-01-08,Facebook,Content Promotion,9009,2202,700,128,65.01,7.77,18.286,0.09,98.45
2025-01-08,LinkedIn,Sales,11017,1803,622,113,75.3,5.646,18.167,0.12,75.03
2025-01-08,Twitter,Content Promotion,11084,1942,655,109,75.87,5.909,16.641,0.12,71.83
2025-01-08,Twitter,Brand Awareness,12411,2070,690,141,152.06,5.56,20.435,0.22,46.36
2025-01-08,Twitter,Brand Awareness,12438,2896,964,212,152.39,7.75,21.992,0.16,69.56
2025-01-08,Twitter,Brand Awareness,12474,2967,956,154,133.31,7.664,16.109,0.14,57.76
2025-01-08,TikTok,Content Promotion,12529,3059,855,194,145.52,6.824,22.69,0.17,66.66
2025-01-08,TikTok,Lead Generation,4858,895,270,52,17.14,5.558,19.259,0.06,151.69
2025-01-09,Instagram,Content Promotion,9116,1745,509,116,66.92,5.584,22.79,0.13,86.67
2025-01-09,Instagram,Brand Awareness,15264,2681,871,175,231.62,5.706,20.092,0.27,37.78
2025-01-09,Instagram,Lead Generation,30675,6069,2040,327,149.63,6.65,16.029,0.07,109.27
2025-01-09,Facebook,Lead Generation,7340,1631,445,98,50.23,6.063,22.022,0.11,97.55
2025-01-10,Instagram,Content Promotion,7126,1126,332,74,44.74,4.659,22.289,0.13,82.7
2025-01-10,Instagram,Sales,8511,1303,395,60,79.14,4.641,15.19,0.2,37.91
2025-01-10,Facebook,Sales,9504,2245,621,126,81.54,6.534,20.29,0.13,77.26
2025-01-10,LinkedIn,Content Promotion,6616,1033,281,52,35.97,4.247,18.505,0.13,72.28
2025-01-10,Twitter,Content Promotion,7627,1902,535,116,62.64,7.015,21.682,0.12,92.59
2025-01-10,Twitter,Content Promotion,7568,1150,375,57,65.93,4.955,15.2,0.18,43.23
2025-01-10,TikTok,Brand Awareness,14305,2836,769,124,207.33,5.376,16.125,0.27,29.9
2025-01-11,Instagram,Content Promotion,5808,1424,463,90,45.68,7.972,19.438,0.1,98.51
2025-01-11,Instagram,Sales,6918,1490,433,93,69.91,6.259,21.478,0.16,66.51
2025-01-11,LinkedIn,Lead Generation,5773,1269,425,68,36.16,7.362,16.0,0.09,94.03
2025-01-11,Twitter,Content Promotion,6310,1431,447,95,52.11,7.084,21.253,0.12,91.15
2025-01-11,TikTok,Content Promotion,6994,1442,457,110,74.21,6.534,24.07,0.16,74.11
2025-01-12,Instagram,Brand Awareness,10579,2573,794,160,130.31,7.505,20.151,0.16,61.39
2025-01-12,Instagram,Content Promotion,6283,1180,356,68,52.93,5.666,19.101,0.15,64.24
2025-01-12,Instagram,Brand Awareness,10501,2336,668,106,127.38,6.361,15.868,0.19,41.61
2025-01-12,LinkedIn,Sales,6781,1567,445,71,49.53,6.562,15.955,0.11,71.67
2025-01-12,Twitter,Content Promotion,1346,228,60,14,7.42,4.458,23.333,0.12,94.34
2025-01-12,TikTok,Content Promotion,7617,1813,462,81,66.69,6.065,17.532,0.14,60.73
2025-01-13,Instagram,Content Promotion,8322,1618,483,89,72.24,5.804,18.427,0.15,61.6
2025-01-13,Facebook,Lead Generation,6735,1644,513,114,38.64,7.617,22.222,0.08,147.52
2025-01-13,Facebook,Content Promotion,7200,1565,461,103,57.04,6.403,22.343,0.12,90.29
2025-01-13,Facebook,Lead Generation,6596,1124,313,70,43.44,4.745,22.364,0.14,80.57
2025-01-13,LinkedIn,Content Promotion,7718,1703,468,91,26.06,6.064,19.444,0.06,174.6
2025-01-14,LinkedIn,Sales,11070,2324,750,170,110.08,6.775,22.667,0.15,77.22
2025-01-14,Twitter,Content Promotion,11024,2087,620,145,74.57,5.624,23.387,0.12,97.22
2025-01-14,Twitter,Lead Generation,5560,926,296,60,24.14,5.324,20.27,0.08,124.28
2025-01-14,TikTok,Brand Awareness,20716,4489,1317,323,295.86,6.357,24.525,0.22,54.59
2025-01-15,Instagram,Brand Awareness,18148,3746,1161,193,243.32,6.397,16.624,0.21,39.66
2025-01-15,Instagram,Lead Generation,7312,1654,511,86,37.19,6.989,16.83,0.07,115.62
2025-01-15,Instagram,Sales,13250,2430,733,124,158.38,5.532,16.917,0.22,39.15
2025-01-15,Facebook,Brand Awareness,14773,3040,865,210,124.84,5.855,24.277,0.14,84.11
2025-01-15,LinkedIn,Sales,11656,1762,537,120,83.06,4.607,22.346,0.15,72.24
2025-01-15,LinkedIn,Lead Generation,11145,2150,553,88,89.89,4.962,15.913,0.16,48.95
2025-01-15,Twitter,Brand Awareness,13271,2148,544,84,120.13,4.099,15.441,0.22,34.96
2025-01-15,TikTok,Brand Awareness,22011,3389,999,207,316.13,4.539,20.721,0.32,32.74
2025-01-16,Instagram,Brand Awareness,16019,3950,1370,324,167.56,8.552,23.65,0.12,96.68
2025-01-16,Facebook,Sales,12734,2315,792,123,55.03,6.22,15.53,0.07,111.76
2025-01-16,Facebook,Lead Generation,7717,1422,476,98,53.39,6.168,20.588,0.11,91.78
2025-01-16,LinkedIn,Brand Awareness,1924,364,121,22,15.57,6.289,18.182,0.13,70.65
2025-01-16,TikTok,Sales,9676,2268,675,146,60.07,6.976,21.63,0.09,121.52
2025-01-16,TikTok,Lead Generation,4542,776,247,60,11.24,5.438,24.291,0.05,266.9
2025-01-17,Instagram,Lead Generation,4956,1231,410,94,27.1,8.273,22.927,0.07,173.43
2025-01-17,Instagram,Brand Awareness,12241,1983,689,116,157.34,5.629,16.836,0.23,36.86
2025-01-17,Facebook,Content Promotion,6460,1374,470,117,34.49,7.276,24.894,0.07,169.61
2025-01-18,Instagram,Brand Awareness,10183,2167,680,159,117.8,6.678,23.382,0.17,67.49
2025-01-18,Facebook,Lead Generation,4878,873,298,51,44.32,6.109,17.114,0.15,57.54
2025-01-18,Facebook,Lead Generation,4957,1172,360,78,22.82,7.262,21.667,0.06,170.9
2025-01-18,TikTok,Brand Awareness,12122,2784,837,188,201.38,6.905,22.461,0.24,46.68
